correction_method	pathway_cluster	num_sig_pathways	percent_sig_pathways
seurat_wcab	1	300	0.93167701863354
seurat_towcab	1	215	0.667701863354037
seurat_wcab	2	97	0.873873873873874
seurat_towcab	2	93	0.837837837837838
seurat_wcab	3	103	0.78030303030303
seurat_towcab	3	94	0.712121212121212
seurat_wcab	4	96	0.864864864864865
seurat_towcab	4	63	0.567567567567568
seurat_wcab	5	100	0.934579439252336
seurat_towcab	5	89	0.831775700934579
